url	title	publish_date	authors	party	group	match	sentence	context	year	article_type	bias_label	bias_confidence	is_biased
https://nation.cymru/news/former-senedd-colleagues-face-off-in-vicious-social-media-spat-over-welsh-reform-leaders-links-to-london/	Former Senedd colleagues face off in vicious social media spat over Welsh Reform leader’s links to London	2026-02-10 20:06:09	Emily Price	reform_uk	right	Reform	“As Conservatives we try to always hold a strong sense of professionalism and decency – in person and on social media – but some Reform members are like wild animals.” Laura Anne Jones was invited to respond to her former colleague’s comments but she did not respond.	“However, Laura has abused everyones kindness, she’s made enough offensive comments and frankly she would do better to focus on her constituents who rarely hear back from her – a complaint I regularly get.” In another post about Jones, Asghar wrote: “Senedd elections are on 7th May too and frankly this sort of lame behaviour is just unbecoming and deplorable. “As Conservatives we try to always hold a strong sense of professionalism and decency – in person and on social media – but some Reform members are like wild animals.” Laura Anne Jones was invited to respond to her former colleague’s comments but she did not respond. Natasha Asghar told Nation.Cymru: “The day I start taking advice or paying any real attention to criticism from someone like Laura Anne Jones is the day hell freezes over.	2026	news	biased	0.6156949996948242	1
https://nation.cymru/news/uproar-as-reform-policy-chief-threatens-to-defund-welsh-university/	Uproar as Reform policy chief threatens to defund Welsh university	2026-02-10 12:48:14	Mark Mansfield	plaid_cymru	left	Plaid	“Threatening to withhold funding while showing zero grasp of the institution’s origins or philosophical tradition only underlines why the far right is a threat to our Welsh way of life.” Plaid Cymru councillor Gareth Parry, from Bangor, wrote: “@ZiaYusufUK threatening Welsh universities for their student debating socs making their own decisions?	This is the UK in 2026, not Italy in 1922 or Germany in 1933.” Rhys Llwyd wrote: “As a Bangor PhD graduate, I fully support the decision. “Threatening to withhold funding while showing zero grasp of the institution’s origins or philosophical tradition only underlines why the far right is a threat to our Welsh way of life.” Plaid Cymru councillor Gareth Parry, from Bangor, wrote: “@ZiaYusufUK threatening Welsh universities for their student debating socs making their own decisions? That’s not patriotism.	2026	news	biased	0.8731051087379456	1
https://nation.cymru/news/uproar-as-reform-policy-chief-threatens-to-defund-welsh-university/	Uproar as Reform policy chief threatens to defund Welsh university	2026-02-10 12:48:14	Mark Mansfield	reform_uk	right	Reform	Photo Ben Whitley/PA Wire Martin Shipton Reform UK’s head of policy Zia Yusuf launched a culture war in Wales by threatening to withhold funding from Bangor University after its student debating society refused to host two leading figures from his party.	Reform UK’s Zia Yusuf. Photo Ben Whitley/PA Wire Martin Shipton Reform UK’s head of policy Zia Yusuf launched a culture war in Wales by threatening to withhold funding from Bangor University after its student debating society refused to host two leading figures from his party. Under the heading “Reform UK are not welcome at Bangor University”, the university’s Debating and Political Society issued a statement that said: “The Debating and Political Society received a request from Jack Anderton and Sarah Pochin MP of Reform UK to attend Bangor University and give a Q&A to students.	2026	news	biased	0.9363754987716675	1
https://nation.cymru/news/uproar-as-reform-policy-chief-threatens-to-defund-welsh-university/	Uproar as Reform policy chief threatens to defund Welsh university	2026-02-10 12:48:14	Mark Mansfield	reform_uk	right	Reform	Under the heading “Reform UK are not welcome at Bangor University”, the university’s Debating and Political Society issued a statement that said: “The Debating and Political Society received a request from Jack Anderton and Sarah Pochin MP of Reform UK to attend Bangor University and give a Q&A to students.	Photo Ben Whitley/PA Wire Martin Shipton Reform UK’s head of policy Zia Yusuf launched a culture war in Wales by threatening to withhold funding from Bangor University after its student debating society refused to host two leading figures from his party. Under the heading “Reform UK are not welcome at Bangor University”, the university’s Debating and Political Society issued a statement that said: “The Debating and Political Society received a request from Jack Anderton and Sarah Pochin MP of Reform UK to attend Bangor University and give a Q&A to students. In line with our values, this request was refused.	2026	news	biased	0.9490879774093628	1
https://nation.cymru/news/uproar-as-reform-policy-chief-threatens-to-defund-welsh-university/	Uproar as Reform policy chief threatens to defund Welsh university	2026-02-10 12:48:14	Mark Mansfield	reform_uk	right	Reform	She was forced to apologise after stating: “It drives me mad when I see adverts full of black people, full of Asian people.” ‘Racist’ Yusuf responded to the debating society with an angry post on X that said: “Bangor University have [sic] banned Reform and called us ‘racist, transphobic and homophobic’.	Sarah Pochin won the Runcorn and Helsby by-election in May 2025, taking the seat from Labour by six votes. She was forced to apologise after stating: “It drives me mad when I see adverts full of black people, full of Asian people.” ‘Racist’ Yusuf responded to the debating society with an angry post on X that said: “Bangor University have [sic] banned Reform and called us ‘racist, transphobic and homophobic’. “Bangor receives £30 million in state funding a year, much of which comes from Reform-voting taxpayers.	2026	news	biased	0.7342192530632019	1
https://nation.cymru/news/uproar-as-reform-policy-chief-threatens-to-defund-welsh-university/	Uproar as Reform policy chief threatens to defund Welsh university	2026-02-10 12:48:14	Mark Mansfield	reform_uk	right	Reform	“Bangor receives £30 million in state funding a year, much of which comes from Reform-voting taxpayers.	She was forced to apologise after stating: “It drives me mad when I see adverts full of black people, full of Asian people.” ‘Racist’ Yusuf responded to the debating society with an angry post on X that said: “Bangor University have [sic] banned Reform and called us ‘racist, transphobic and homophobic’. “Bangor receives £30 million in state funding a year, much of which comes from Reform-voting taxpayers. I am sure they won’t mind losing every penny of that state funding under a Reform government.	2026	news	biased	0.8606709837913513	1
https://nation.cymru/news/uproar-as-reform-policy-chief-threatens-to-defund-welsh-university/	Uproar as Reform policy chief threatens to defund Welsh university	2026-02-10 12:48:14	Mark Mansfield	reform_uk	right	Reform	I am sure they won’t mind losing every penny of that state funding under a Reform government.	“Bangor receives £30 million in state funding a year, much of which comes from Reform-voting taxpayers. I am sure they won’t mind losing every penny of that state funding under a Reform government. After all, they wouldn’t want a racist’s money, would they?” For many, Yusuf’s comments evoked comparisons with the behaviour of President Trump in the US, who has sought to defund what he regards as left-wing universities, including some of the most iconic like Harvard in Cambridge, Massachusetts and Columbia University in New York.	2026	news	biased	0.8473228216171265	1
https://nation.cymru/news/uproar-as-reform-policy-chief-threatens-to-defund-welsh-university/	Uproar as Reform policy chief threatens to defund Welsh university	2026-02-10 12:48:14	Mark Mansfield	reform_uk	right	Reform	That’s petty authoritarianism with a Union Jack filter.” Somebody with the handle lunaperla wrote: “Just a man who’s never been elected to anything threatening to defund a university because he’s too stupid to know the difference between the university and a student organisation.” Huw L Williams wrote: “We’re so far gone that people can’t conceive of the fact that some legitimately regard a toxic party led by a racist who is adjacent to Trump as being beyond the pale – and the fact that they have a handful of MPs does not give them some form of immunity from moral opprobrium.” ‘Nazi vibes’ Sam Smith-Higgins wrote: “Quite the statement from Reform.	That’s not patriotism. That’s petty authoritarianism with a Union Jack filter.” Somebody with the handle lunaperla wrote: “Just a man who’s never been elected to anything threatening to defund a university because he’s too stupid to know the difference between the university and a student organisation.” Huw L Williams wrote: “We’re so far gone that people can’t conceive of the fact that some legitimately regard a toxic party led by a racist who is adjacent to Trump as being beyond the pale – and the fact that they have a handful of MPs does not give them some form of immunity from moral opprobrium.” ‘Nazi vibes’ Sam Smith-Higgins wrote: “Quite the statement from Reform. A Reform Gov.	2026	news	biased	0.9836481213569641	1
https://nation.cymru/news/uproar-as-reform-policy-chief-threatens-to-defund-welsh-university/	Uproar as Reform policy chief threatens to defund Welsh university	2026-02-10 12:48:14	Mark Mansfield	reform_uk	right	Reform	Reform’s comments show they are not fit to govern.”	It was founded through the efforts and sacrifices of the quarrymen of this area, and it remains a source of pride and opportunity for generations of local people.” “Bullying and threatening higher education institutions, in the style we have seen elsewhere, is entirely disgraceful and completely at odds with our values here in Wales. Reform’s comments show they are not fit to govern.”	2026	news	biased	0.9551631808280945	1
https://nation.cymru/news/fake-facebook-accounts-set-up-to-stir-division-ahead-of-senedd-election/	‘Fake’ Facebook accounts set up to stir division ahead of Senedd election	2026-02-10 12:45:43	Stephen Price	plaid_cymru	left	Plaid	The fake account with ‘AI slop’ imagery attributed to ‘Steph Jenkins’ which activists claim was created to stoke anti-Plaid sentiment Stephen Price A campaign group has uncovered evidence of a number of ‘fake’ Facebook accounts which have been set up to stir up anti-Welsh rhetoric ahead of the upcoming Senedd election – specifically targeting Plaid Cymru and the Senedd.	The fake account with ‘AI slop’ imagery attributed to ‘Steph Jenkins’ which activists claim was created to stoke anti-Plaid sentiment Stephen Price A campaign group has uncovered evidence of a number of ‘fake’ Facebook accounts which have been set up to stir up anti-Welsh rhetoric ahead of the upcoming Senedd election – specifically targeting Plaid Cymru and the Senedd. In a post shared on Reject Reform in Cymru’s Facebook page concerning Dan Thomas, Reform UK’s new leader in Wales, an account under the name of ‘Steph Jenkins’ wrote: “We will find his second home and burn it down with his his (sic.) family inside, I’ll bring the marshmallows.” Having seen a growing number of such comments over the past few months coming from recently-created accounts with few friends, questionable locations and no photos, Mudiad Eryr Wen, a campaign group focused on preserving Welsh language and culture in Wales , quickly aimed to verify the owner of the account, and discovered that the account was created in January 2026.	2026	news	biased	0.7149387001991272	1
https://nation.cymru/news/fake-facebook-accounts-set-up-to-stir-division-ahead-of-senedd-election/	‘Fake’ Facebook accounts set up to stir division ahead of Senedd election	2026-02-10 12:45:43	Stephen Price	plaid_cymru	left	Plaid	This latter point was confirmed recently when local Tories, Richard John and Lisa Dymock, staged a photoshoot while cleaning the vandalism the very next day.” “A Plaid Cymru Supporter” Linking the account of ‘Steph Jenkins’ to ‘A Plaid Cymru supporter’ with no evidence, right-leaning Facebook account Wales for a United Kingdom tagged Gwent Police and Plaid Cymru in a post, writing: “A Plaid Cymru supporter under the name of “Steph Jenkins” on social media has said that she will find the home of Welsh Reform leader Dan Thomas and she will burn it down with his family inside!	“Surprisingly, it has since been reported that there was a subsequent spate of vandalism in Gwent, the targets of which were not confined to place names, but also to general bilingual signage. This latter point was confirmed recently when local Tories, Richard John and Lisa Dymock, staged a photoshoot while cleaning the vandalism the very next day.” “A Plaid Cymru Supporter” Linking the account of ‘Steph Jenkins’ to ‘A Plaid Cymru supporter’ with no evidence, right-leaning Facebook account Wales for a United Kingdom tagged Gwent Police and Plaid Cymru in a post, writing: “A Plaid Cymru supporter under the name of “Steph Jenkins” on social media has said that she will find the home of Welsh Reform leader Dan Thomas and she will burn it down with his family inside! “This is absolutely appalling behaviour – this comment is far worse than the Tweet that Lucy Connolly made, and yet Lucy was given a sentence of 3 years in prison!	2026	news	biased	0.7898514866828918	1
https://nation.cymru/news/fake-facebook-accounts-set-up-to-stir-division-ahead-of-senedd-election/	‘Fake’ Facebook accounts set up to stir division ahead of Senedd election	2026-02-10 12:45:43	Stephen Price	plaid_cymru	left	Plaid	It currently has over 85,000 followers, and content consists of pro-Reform posts, as well as posts attacking the Senedd, Labour and Plaid Cymru.	“No spin, no nonsense – just straight-talking political musings from someone who gets it.” Wales for a United Kingdom dispute that it is affiliated with Damien Davies, however, and refuses to name the individual(s) who set up and run the page. It currently has over 85,000 followers, and content consists of pro-Reform posts, as well as posts attacking the Senedd, Labour and Plaid Cymru. The offensive comment from an account attributed to ‘Steph Jenkins’ Meibion Glyndŵr Meibion Glyndŵr (also known by its translation Sons of Glyndŵr) was a paramilitary Welsh nationalist group which carried out 328 attacks, including 228 arson attacks against holiday cottages in Wales owned by English people, and other attacks against government offices and estate agent offices from 1979-1992.	2026	news	biased	0.7400926947593689	1
https://nation.cymru/news/fake-facebook-accounts-set-up-to-stir-division-ahead-of-senedd-election/	‘Fake’ Facebook accounts set up to stir division ahead of Senedd election	2026-02-10 12:45:43	Stephen Price	reform_uk	right	Reform	In a post shared on Reject Reform in Cymru’s Facebook page concerning Dan Thomas, Reform UK’s new leader in Wales, an account under the name of ‘Steph Jenkins’ wrote: “We will find his second home and burn it down with his his (sic.) family inside, I’ll bring the marshmallows.” Having seen a growing number of such comments over the past few months coming from recently-created accounts with few friends, questionable locations and no photos, Mudiad Eryr Wen, a campaign group focused on preserving Welsh language and culture in Wales , quickly aimed to verify the owner of the account, and discovered that the account was created in January 2026.	The fake account with ‘AI slop’ imagery attributed to ‘Steph Jenkins’ which activists claim was created to stoke anti-Plaid sentiment Stephen Price A campaign group has uncovered evidence of a number of ‘fake’ Facebook accounts which have been set up to stir up anti-Welsh rhetoric ahead of the upcoming Senedd election – specifically targeting Plaid Cymru and the Senedd. In a post shared on Reject Reform in Cymru’s Facebook page concerning Dan Thomas, Reform UK’s new leader in Wales, an account under the name of ‘Steph Jenkins’ wrote: “We will find his second home and burn it down with his his (sic.) family inside, I’ll bring the marshmallows.” Having seen a growing number of such comments over the past few months coming from recently-created accounts with few friends, questionable locations and no photos, Mudiad Eryr Wen, a campaign group focused on preserving Welsh language and culture in Wales , quickly aimed to verify the owner of the account, and discovered that the account was created in January 2026. The account was used to spread anti-English hatred, with its most recent activity following a spate of English language place names on road signs being targeted with graffiti.	2026	news	biased	0.7233397364616394	1
https://nation.cymru/news/fake-facebook-accounts-set-up-to-stir-division-ahead-of-senedd-election/	‘Fake’ Facebook accounts set up to stir division ahead of Senedd election	2026-02-10 12:45:43	Stephen Price	reform_uk	right	Farage	This is especially true in light of Farage making sneaky comments about “not believing in targets” regarding the Welsh language, a pathetic attempt at concealing his true intentions.	Decrying the ‘false flag’ actions of the fake account, and a growing number of others, Mudiad Eryr Wen told Nation Cymru: “Following the anti-Welsh vandalism in Dinbych-y-Pysgod in January, there was justified anger across the country. This is especially true in light of Farage making sneaky comments about “not believing in targets” regarding the Welsh language, a pathetic attempt at concealing his true intentions. “His disgraced former colleague, Rupert Lowe, also publicly stated his desire to totally abolish Welsh autonomy.	2026	news	biased	0.9752646088600159	1
https://nation.cymru/news/fake-facebook-accounts-set-up-to-stir-division-ahead-of-senedd-election/	‘Fake’ Facebook accounts set up to stir division ahead of Senedd election	2026-02-10 12:45:43	Stephen Price	reform_uk	right	Reform	This latter point was confirmed recently when local Tories, Richard John and Lisa Dymock, staged a photoshoot while cleaning the vandalism the very next day.” “A Plaid Cymru Supporter” Linking the account of ‘Steph Jenkins’ to ‘A Plaid Cymru supporter’ with no evidence, right-leaning Facebook account Wales for a United Kingdom tagged Gwent Police and Plaid Cymru in a post, writing: “A Plaid Cymru supporter under the name of “Steph Jenkins” on social media has said that she will find the home of Welsh Reform leader Dan Thomas and she will burn it down with his family inside!	“Surprisingly, it has since been reported that there was a subsequent spate of vandalism in Gwent, the targets of which were not confined to place names, but also to general bilingual signage. This latter point was confirmed recently when local Tories, Richard John and Lisa Dymock, staged a photoshoot while cleaning the vandalism the very next day.” “A Plaid Cymru Supporter” Linking the account of ‘Steph Jenkins’ to ‘A Plaid Cymru supporter’ with no evidence, right-leaning Facebook account Wales for a United Kingdom tagged Gwent Police and Plaid Cymru in a post, writing: “A Plaid Cymru supporter under the name of “Steph Jenkins” on social media has said that she will find the home of Welsh Reform leader Dan Thomas and she will burn it down with his family inside! “This is absolutely appalling behaviour – this comment is far worse than the Tweet that Lucy Connolly made, and yet Lucy was given a sentence of 3 years in prison!	2026	news	biased	0.7898514866828918	1
https://nation.cymru/news/fake-facebook-accounts-set-up-to-stir-division-ahead-of-senedd-election/	‘Fake’ Facebook accounts set up to stir division ahead of Senedd election	2026-02-10 12:45:43	Stephen Price	reform_uk	right	Reform	It currently has over 85,000 followers, and content consists of pro-Reform posts, as well as posts attacking the Senedd, Labour and Plaid Cymru.	“No spin, no nonsense – just straight-talking political musings from someone who gets it.” Wales for a United Kingdom dispute that it is affiliated with Damien Davies, however, and refuses to name the individual(s) who set up and run the page. It currently has over 85,000 followers, and content consists of pro-Reform posts, as well as posts attacking the Senedd, Labour and Plaid Cymru. The offensive comment from an account attributed to ‘Steph Jenkins’ Meibion Glyndŵr Meibion Glyndŵr (also known by its translation Sons of Glyndŵr) was a paramilitary Welsh nationalist group which carried out 328 attacks, including 228 arson attacks against holiday cottages in Wales owned by English people, and other attacks against government offices and estate agent offices from 1979-1992.	2026	news	biased	0.7400926947593689	1
https://nation.cymru/news/fake-facebook-accounts-set-up-to-stir-division-ahead-of-senedd-election/	‘Fake’ Facebook accounts set up to stir division ahead of Senedd election	2026-02-10 12:45:43	Stephen Price	reform_uk	right	Dan Thomas	“Free Wales Army think that we created the Steph Jenkins account that wrote the horrific comment saying that they would find Dan Thomas’ home and burn it down with his family inside.	An Instagram screen shot showing correspondence between Free Wales Army and Wales for a United Kingdom After being called out for spreading misinformation by an account held by Free Wales Army, Wales for a United Kingdom shared the following statement on their Facebook account: “We received this nice little message from the Free Wales Army on Instagram tonight. “Free Wales Army think that we created the Steph Jenkins account that wrote the horrific comment saying that they would find Dan Thomas’ home and burn it down with his family inside. “These guys are mentally unstable and deep in to the realms of conspiracy theory.	2026	news	biased	0.9332355260848999	1
https://nation.cymru/news/desperate-and-inaccurate-council-leader-and-ms-clash-over-funding/	‘Desperate and inaccurate’: Council leader and MS clash over funding	2026-02-08 18:15:17	Molly Stubbs	plaid_cymru	left	Plaid	“It is deeply worrying Plaid are looking to starve Newport, and other Welsh cities, of funding,” the council leader alleged.	Cllr Batrouni said: “everyone supports a funding floor for our rural authorities, but cutting cities is not a growth agenda. “It is deeply worrying Plaid are looking to starve Newport, and other Welsh cities, of funding,” the council leader alleged. “It is economic madness to cut funding for our cities, which contain the most people and drive the Welsh economy.” In response, Mr Owen Griffiths cited his party’s recent budget deal with the Welsh Government, and warned against “Labour politicians lashing out to distract from the fact that their budget only works because Plaid Cymru stepped in to do the right thing”.	2026	news	biased	0.8128392100334167	1
https://nation.cymru/news/desperate-and-inaccurate-council-leader-and-ms-clash-over-funding/	‘Desperate and inaccurate’: Council leader and MS clash over funding	2026-02-08 18:15:17	Molly Stubbs	plaid_cymru	left	Plaid	“It is economic madness to cut funding for our cities, which contain the most people and drive the Welsh economy.” In response, Mr Owen Griffiths cited his party’s recent budget deal with the Welsh Government, and warned against “Labour politicians lashing out to distract from the fact that their budget only works because Plaid Cymru stepped in to do the right thing”.	“It is deeply worrying Plaid are looking to starve Newport, and other Welsh cities, of funding,” the council leader alleged. “It is economic madness to cut funding for our cities, which contain the most people and drive the Welsh economy.” In response, Mr Owen Griffiths cited his party’s recent budget deal with the Welsh Government, and warned against “Labour politicians lashing out to distract from the fact that their budget only works because Plaid Cymru stepped in to do the right thing”. Newport has received the highest percentage increase in local government settlement funding in each of the past three years, which Cllr Batrouni said was down to census data showing the city is the fastest growing area of Wales.	2026	news	biased	0.8176761269569397	1
https://nation.cymru/news/desperate-and-inaccurate-council-leader-and-ms-clash-over-funding/	‘Desperate and inaccurate’: Council leader and MS clash over funding	2026-02-08 18:15:17	Molly Stubbs	plaid_cymru	left	Plaid	“I would have expected Plaid’s leading candidate for Casnewydd Islwyn to be fighting for our city to have the funds it needs to match our expansion,” claimed Cllr Batrouni.	“To boost funding for rural areas in any meaningful way, you have to change those elements”, he said, adding some of those areas have declining populations or falling numbers of under-16s. “I would have expected Plaid’s leading candidate for Casnewydd Islwyn to be fighting for our city to have the funds it needs to match our expansion,” claimed Cllr Batrouni. “Sadly, and very disappointingly, the opposite seems to be happening.” Mr Owen Griffiths branded the council leader’s comments as “a desperate and inaccurate attempt to rewrite the record”, however.	2026	news	biased	0.5101528763771057	1
https://nation.cymru/news/desperate-and-inaccurate-council-leader-and-ms-clash-over-funding/	‘Desperate and inaccurate’: Council leader and MS clash over funding	2026-02-08 18:15:17	Molly Stubbs	plaid_cymru	left	Plaid	“It was Plaid Cymru that stepped in to rescue local government from a catastrophic Labour draft budget that would have pushed councils towards bankruptcy, mass job losses and double-digit council tax rises,” he said.	“Sadly, and very disappointingly, the opposite seems to be happening.” Mr Owen Griffiths branded the council leader’s comments as “a desperate and inaccurate attempt to rewrite the record”, however. “It was Plaid Cymru that stepped in to rescue local government from a catastrophic Labour draft budget that would have pushed councils towards bankruptcy, mass job losses and double-digit council tax rises,” he said. “Newport is receiving 6.1% uplift – or over extra £6m from the draft settlement initially offered by the Labour Welsh Government,” added Mr Owen Griffiths.	2026	news	biased	0.8304059505462646	1
https://nation.cymru/news/reform-uk-confirms-its-welsh-leader-has-bought-a-house-in-bath-but-claims-he-is-living-in-wales/	Reform UK confirms its Welsh leader has bought a house in Bath – but claims he is living in Wales	2026-02-07 19:36:03	Mark Mansfield	reform_uk	right	Dan Thomas	“Are you suggesting that Dan Thomas has not bought a house in the Bath area?	“It is a sad state of affairs that a taxpayer funded website can smear someone on the basis of nothing but hearsay without any proof.” Nation.Cymru responded: “Please answer the questions [we had previously sent]. “Are you suggesting that Dan Thomas has not bought a house in the Bath area? Why are former council colleagues and others convinced that he has done so?	2026	news	biased	0.7949153184890747	1
https://nation.cymru/news/the-new-leader-of-reform-uk-wales-lives-in-bath-not-wales/	The new leader of Reform UK Wales lives in Bath, not Wales	2026-02-06 20:42:42	Mark Mansfield	reform_uk	right	Reform	“As James Evans [the Tory MS who defected to Reform this week] said quite recently, Reform is full of hypocrites who have no principles.	At the beginning of their Senedd election campaign, their narrative has been built on a fraud and a lie. “As James Evans [the Tory MS who defected to Reform this week] said quite recently, Reform is full of hypocrites who have no principles. “The last time this shower had seats in the Senedd, when they stood as UKIP, they were led by Neil Hamilton, who lived in a mansion in Wiltshire.	2026	news	biased	0.9891863465309143	1
https://nation.cymru/news/more-english-language-place-names-targeted-by-protesters/	More English language place names targeted by protesters	2026-02-06 16:40:08	Stephen Price	reform_uk	right	Reform	It is the puerile act of anti-Welsh British nationalists that are spurred on by the likes of Reform and Rupert Lowe.	“Rather, this vandalism is a direct attack on the Welsh language itself, with a plethora of bilingual informational signs being deliberately targeted. It is the puerile act of anti-Welsh British nationalists that are spurred on by the likes of Reform and Rupert Lowe. “The town is already often referred to by the anglicised name of “Tenby”, which is similar in origin to “Denbigh” in the north.	2026	news	biased	0.9922798871994019	1
https://nation.cymru/news/ex-tory-councillor-from-londons-appointment-as-reform-uks-leader-in-wales-a-huge-insult/	Ex Tory councillor from London’s appointment as Reform UK’s leader in Wales ‘a huge insult’	2026-02-06 07:50:07	Mark Mansfield	reform_uk	right	Reform	Reform UK leader Nigel Farage (left) answers questions from the media with new leader of Reform UK in Wales, Dan Thomas.	Reform UK leader Nigel Farage (left) answers questions from the media with new leader of Reform UK in Wales, Dan Thomas. Photo Andrew Matthews/PA Wire Martin Shipton Nigel Farage’s appointment of a former London Tory councillor as Reform UK’s leader in Wales has been condemned as a huge insult to Wales and Reform’s membership here.	2026	news	biased	0.9746201038360596	1
https://nation.cymru/news/ex-tory-councillor-from-londons-appointment-as-reform-uks-leader-in-wales-a-huge-insult/	Ex Tory councillor from London’s appointment as Reform UK’s leader in Wales ‘a huge insult’	2026-02-06 07:50:07	Mark Mansfield	reform_uk	right	Reform	Photo Andrew Matthews/PA Wire Martin Shipton Nigel Farage’s appointment of a former London Tory councillor as Reform UK’s leader in Wales has been condemned as a huge insult to Wales and Reform’s membership here.	Reform UK leader Nigel Farage (left) answers questions from the media with new leader of Reform UK in Wales, Dan Thomas. Photo Andrew Matthews/PA Wire Martin Shipton Nigel Farage’s appointment of a former London Tory councillor as Reform UK’s leader in Wales has been condemned as a huge insult to Wales and Reform’s membership here. Blaenau Gwent Labour MS Alun Davies said: “I’d have thought Farage would have more respect for his party’s members in Wales than to impose as its leader an ex-Tory councillor from London who, it seems, has lived outside Wales for all his adult life.	2026	news	biased	0.9279410243034363	1
https://nation.cymru/news/ex-tory-councillor-from-londons-appointment-as-reform-uks-leader-in-wales-a-huge-insult/	Ex Tory councillor from London’s appointment as Reform UK’s leader in Wales ‘a huge insult’	2026-02-06 07:50:07	Mark Mansfield	reform_uk	right	Farage	Blaenau Gwent Labour MS Alun Davies said: “I’d have thought Farage would have more respect for his party’s members in Wales than to impose as its leader an ex-Tory councillor from London who, it seems, has lived outside Wales for all his adult life.	Photo Andrew Matthews/PA Wire Martin Shipton Nigel Farage’s appointment of a former London Tory councillor as Reform UK’s leader in Wales has been condemned as a huge insult to Wales and Reform’s membership here. Blaenau Gwent Labour MS Alun Davies said: “I’d have thought Farage would have more respect for his party’s members in Wales than to impose as its leader an ex-Tory councillor from London who, it seems, has lived outside Wales for all his adult life. “It also shows complete contempt for Wales to import someone as leader who has had no involvement in Welsh politics and is merely being used as a puppet.	2026	news	biased	0.9668102264404297	1
https://nation.cymru/news/ex-tory-councillor-from-londons-appointment-as-reform-uks-leader-in-wales-a-huge-insult/	Ex Tory councillor from London’s appointment as Reform UK’s leader in Wales ‘a huge insult’	2026-02-06 07:50:07	Mark Mansfield	reform_uk	right	Farage	“The way he has been selected as leader by Farage is, of course, wholly undemocratic and different to the way other party leaders in Wales have got their positions.	“It also shows complete contempt for Wales to import someone as leader who has had no involvement in Welsh politics and is merely being used as a puppet. “The way he has been selected as leader by Farage is, of course, wholly undemocratic and different to the way other party leaders in Wales have got their positions. Darren Millar was elected by his Conservative colleagues in the Senedd, we in Welsh Labour have been through a number of leadership contests and Eluned Morgan was elected by the Senedd Labour group.	2026	news	biased	0.983311653137207	1
https://nation.cymru/news/ex-tory-councillor-from-londons-appointment-as-reform-uks-leader-in-wales-a-huge-insult/	Ex Tory councillor from London’s appointment as Reform UK’s leader in Wales ‘a huge insult’	2026-02-06 07:50:07	Mark Mansfield	reform_uk	right	Reform	“Reform UK is in no sense a democratic party and it is run in an authoritarian manner by Farage.	Rhun ap Iorwerth, too, was elected by his Plaid Cymru colleagues. “Reform UK is in no sense a democratic party and it is run in an authoritarian manner by Farage. He clearly doesn’t have any faith in Reform members in Wales to run the party here and won’t give them the opportunity to elect their own leader.	2026	news	biased	0.8107181787490845	1
https://nation.cymru/news/ex-tory-councillor-from-londons-appointment-as-reform-uks-leader-in-wales-a-huge-insult/	Ex Tory councillor from London’s appointment as Reform UK’s leader in Wales ‘a huge insult’	2026-02-06 07:50:07	Mark Mansfield	reform_uk	right	Reform	He clearly doesn’t have any faith in Reform members in Wales to run the party here and won’t give them the opportunity to elect their own leader.	“Reform UK is in no sense a democratic party and it is run in an authoritarian manner by Farage. He clearly doesn’t have any faith in Reform members in Wales to run the party here and won’t give them the opportunity to elect their own leader. “The fact of the matter is that Farage wants to control Wales from London, getting his chosen minions elected thanks to cash raised from billionaires based in Dubai and other parts of the world with no interest in Wales and no concern for the welfare of the working class people whose votes he is targeting.	2026	news	biased	0.990250825881958	1
https://nation.cymru/news/ex-tory-councillor-from-londons-appointment-as-reform-uks-leader-in-wales-a-huge-insult/	Ex Tory councillor from London’s appointment as Reform UK’s leader in Wales ‘a huge insult’	2026-02-06 07:50:07	Mark Mansfield	reform_uk	right	Farage	“The fact of the matter is that Farage wants to control Wales from London, getting his chosen minions elected thanks to cash raised from billionaires based in Dubai and other parts of the world with no interest in Wales and no concern for the welfare of the working class people whose votes he is targeting.	He clearly doesn’t have any faith in Reform members in Wales to run the party here and won’t give them the opportunity to elect their own leader. “The fact of the matter is that Farage wants to control Wales from London, getting his chosen minions elected thanks to cash raised from billionaires based in Dubai and other parts of the world with no interest in Wales and no concern for the welfare of the working class people whose votes he is targeting. Farage’s donors are simply interested in enriching themselves, not in raising the living standards of people in Wales.	2026	news	biased	0.9880423545837402	1
https://nation.cymru/news/ex-tory-councillor-from-londons-appointment-as-reform-uks-leader-in-wales-a-huge-insult/	Ex Tory councillor from London’s appointment as Reform UK’s leader in Wales ‘a huge insult’	2026-02-06 07:50:07	Mark Mansfield	reform_uk	right	Farage	Farage’s donors are simply interested in enriching themselves, not in raising the living standards of people in Wales.	“The fact of the matter is that Farage wants to control Wales from London, getting his chosen minions elected thanks to cash raised from billionaires based in Dubai and other parts of the world with no interest in Wales and no concern for the welfare of the working class people whose votes he is targeting. Farage’s donors are simply interested in enriching themselves, not in raising the living standards of people in Wales. This needs to be pointed out again and again during the election campaign between now and polling day in May.” Mr Thomas resigned his seat on Barnet council in north London in December 2025, more than a year after moving to south Wales, during which period he continued to be paid as a councillor.	2026	news	biased	0.9581504464149475	1
https://nation.cymru/news/ex-tory-councillor-from-londons-appointment-as-reform-uks-leader-in-wales-a-huge-insult/	Ex Tory councillor from London’s appointment as Reform UK’s leader in Wales ‘a huge insult’	2026-02-06 07:50:07	Mark Mansfield	reform_uk	right	Reform	His belated resignation only highlights the fleeting nature of Reform’s presence in Barnet.	Cllr Zinkin told the Barnet Post: “Former Cllr Dan Thomas, having defected to Reform UK just months ago amid much fanfare about their ‘growing movement’ in Barnet, has moved out of the borough, making it impossible for him to properly represent local residents. His belated resignation only highlights the fleeting nature of Reform’s presence in Barnet. “This is the end of Reform UK’s group on Barnet council.	2026	news	biased	0.8408324122428894	1
https://nation.cymru/news/reform-uk-is-99-per-cent-rubbish-james-evans/	Reform UK is 99 per cent ‘rubbish’ – James Evans	2026-02-06 07:00:55	Emily Price	plaid_cymru	left	Plaid	“To me and to many other people around Wales they are just unpaid Plaid Cymru and Labour Party campaigners.	“That’s how the media in Wales works – it’s driven by left wing activists who pass themselves off as journalists and to me. “To me and to many other people around Wales they are just unpaid Plaid Cymru and Labour Party campaigners. “The never ask the questions do they of why Wales is broken.	2026	news	biased	0.9801527857780457	1
https://nation.cymru/news/reform-uk-is-99-per-cent-rubbish-james-evans/	Reform UK is 99 per cent ‘rubbish’ – James Evans	2026-02-06 07:00:55	Emily Price	plaid_cymru	left	Plaid	A Plaid Cymru spokesperson said: “When someone says Reform UK is ‘99% rubbish’ with nothing to offer the NHS or education, then promptly joins them, people are entitled to ask what that says about the party – and about the defector.	Evans read our message and didn’t respond. A Plaid Cymru spokesperson said: “When someone says Reform UK is ‘99% rubbish’ with nothing to offer the NHS or education, then promptly joins them, people are entitled to ask what that says about the party – and about the defector. “Reform UK is a party of chancers and failed Tories, with no integrity and no answers for Wales.	2026	news	biased	0.9542568922042847	1
https://nation.cymru/news/reform-uk-is-99-per-cent-rubbish-james-evans/	Reform UK is 99 per cent ‘rubbish’ – James Evans	2026-02-06 07:00:55	Emily Price	plaid_cymru	left	Plaid	“The choice in this election is clear: a party that always stands up for Wales with Plaid Cymru, or Farage’s ex-Tory lapdogs running our NHS and education.	“Reform UK is a party of chancers and failed Tories, with no integrity and no answers for Wales. “The choice in this election is clear: a party that always stands up for Wales with Plaid Cymru, or Farage’s ex-Tory lapdogs running our NHS and education. “As the Caerphilly by-election and poll after poll have shown, only a vote for Plaid Cymru can stop Reform on 7 May.” ‘No principles’ Liberal Democrat MP for Brecon, Radnor and Cwm Tawe, David Chadwick said Evans was more interested in protecting his own career than standing up for his constituents.	2026	news	biased	0.9394392371177673	1
https://nation.cymru/news/reform-uk-is-99-per-cent-rubbish-james-evans/	Reform UK is 99 per cent ‘rubbish’ – James Evans	2026-02-06 07:00:55	Emily Price	plaid_cymru	left	Plaid	“As the Caerphilly by-election and poll after poll have shown, only a vote for Plaid Cymru can stop Reform on 7 May.” ‘No principles’ Liberal Democrat MP for Brecon, Radnor and Cwm Tawe, David Chadwick said Evans was more interested in protecting his own career than standing up for his constituents.	“The choice in this election is clear: a party that always stands up for Wales with Plaid Cymru, or Farage’s ex-Tory lapdogs running our NHS and education. “As the Caerphilly by-election and poll after poll have shown, only a vote for Plaid Cymru can stop Reform on 7 May.” ‘No principles’ Liberal Democrat MP for Brecon, Radnor and Cwm Tawe, David Chadwick said Evans was more interested in protecting his own career than standing up for his constituents. He said: “You could fill a library with his past criticisms of Reform and of Conservative defectors.	2026	news	biased	0.8664084076881409	1
https://nation.cymru/news/reform-uk-is-99-per-cent-rubbish-james-evans/	Reform UK is 99 per cent ‘rubbish’ – James Evans	2026-02-06 07:00:55	Emily Price	plaid_cymru	left	Plaid	“Labour aren’t the answer to fixing Wales, the separatists in Plaid Cymru aren’t either.	“They’d have everyone paying insurance before you know it leaving people who can’t afford it – especially older and sicker people – to suffer in pain or die without care.” ‘Sound bites’ Two days later, he said: “Ahead of next year’s Senedd election – let’s be clear. “Labour aren’t the answer to fixing Wales, the separatists in Plaid Cymru aren’t either. “And Reform?	2026	news	biased	0.8598089218139648	1
https://nation.cymru/news/reform-uk-is-99-per-cent-rubbish-james-evans/	Reform UK is 99 per cent ‘rubbish’ – James Evans	2026-02-06 07:00:55	Emily Price	reform_uk	right	Reform	“I don’t think they would turn anyone down as it keeps them in the news if they get a defection.” During his defection speech in Newport, Reform’s new MS appeared to pre-empt negative news stories about him by hitting out at the Welsh media.	Evans wrote: “I think everyone in my party has sympathy with some of what Reform are saying but the 1% of good stuff they come out with there is 99% of rubbish and just populist stuff that does nothing to help real people with issues in the NHS, education and other services. “I don’t think they would turn anyone down as it keeps them in the news if they get a defection.” During his defection speech in Newport, Reform’s new MS appeared to pre-empt negative news stories about him by hitting out at the Welsh media. He claimed his defection would spark attempts by left wing journalists to smear him and ruin his reputation.	2026	news	biased	0.9047927856445312	1
https://nation.cymru/news/reform-uk-is-99-per-cent-rubbish-james-evans/	Reform UK is 99 per cent ‘rubbish’ – James Evans	2026-02-06 07:00:55	Emily Price	reform_uk	right	Reform	“Smear first, silence second, then move on, that’s their model.” Heckled Evans’ attempt to muzzle the media contributed to a hostile environment in the conference room with the Reform elite in Wales heckling and booing journalists that attempted to ask legitimate questions.	They never challenge the people who broke it and they attack anybody who dares to speak out and stand their ground. “Smear first, silence second, then move on, that’s their model.” Heckled Evans’ attempt to muzzle the media contributed to a hostile environment in the conference room with the Reform elite in Wales heckling and booing journalists that attempted to ask legitimate questions. Nation.Cymru contacted the newly announced Reform defector and asked if he had attacked the press in his speech because he was worried about how he would look if his previous comments to us were revealed.	2026	news	biased	0.9862942099571228	1
https://nation.cymru/news/reform-uk-is-99-per-cent-rubbish-james-evans/	Reform UK is 99 per cent ‘rubbish’ – James Evans	2026-02-06 07:00:55	Emily Price	reform_uk	right	Reform	Nation.Cymru contacted the newly announced Reform defector and asked if he had attacked the press in his speech because he was worried about how he would look if his previous comments to us were revealed.	“Smear first, silence second, then move on, that’s their model.” Heckled Evans’ attempt to muzzle the media contributed to a hostile environment in the conference room with the Reform elite in Wales heckling and booing journalists that attempted to ask legitimate questions. Nation.Cymru contacted the newly announced Reform defector and asked if he had attacked the press in his speech because he was worried about how he would look if his previous comments to us were revealed. We asked Evans if he still believed that 99% of what Reform said was “rubbish” and we quizzed him on whether he still would have jumped ship if he hadn’t been sacked by the Welsh Tories.	2026	news	biased	0.9752086400985718	1
https://nation.cymru/news/reform-uk-is-99-per-cent-rubbish-james-evans/	Reform UK is 99 per cent ‘rubbish’ – James Evans	2026-02-06 07:00:55	Emily Price	reform_uk	right	Reform	A Plaid Cymru spokesperson said: “When someone says Reform UK is ‘99% rubbish’ with nothing to offer the NHS or education, then promptly joins them, people are entitled to ask what that says about the party – and about the defector.	Evans read our message and didn’t respond. A Plaid Cymru spokesperson said: “When someone says Reform UK is ‘99% rubbish’ with nothing to offer the NHS or education, then promptly joins them, people are entitled to ask what that says about the party – and about the defector. “Reform UK is a party of chancers and failed Tories, with no integrity and no answers for Wales.	2026	news	biased	0.9542568922042847	1
https://nation.cymru/news/reform-uk-is-99-per-cent-rubbish-james-evans/	Reform UK is 99 per cent ‘rubbish’ – James Evans	2026-02-06 07:00:55	Emily Price	reform_uk	right	Reform	“Reform UK is a party of chancers and failed Tories, with no integrity and no answers for Wales.	A Plaid Cymru spokesperson said: “When someone says Reform UK is ‘99% rubbish’ with nothing to offer the NHS or education, then promptly joins them, people are entitled to ask what that says about the party – and about the defector. “Reform UK is a party of chancers and failed Tories, with no integrity and no answers for Wales. “The choice in this election is clear: a party that always stands up for Wales with Plaid Cymru, or Farage’s ex-Tory lapdogs running our NHS and education.	2026	news	biased	0.986117422580719	1
https://nation.cymru/news/reform-uk-is-99-per-cent-rubbish-james-evans/	Reform UK is 99 per cent ‘rubbish’ – James Evans	2026-02-06 07:00:55	Emily Price	reform_uk	right	Farage	“The choice in this election is clear: a party that always stands up for Wales with Plaid Cymru, or Farage’s ex-Tory lapdogs running our NHS and education.	“Reform UK is a party of chancers and failed Tories, with no integrity and no answers for Wales. “The choice in this election is clear: a party that always stands up for Wales with Plaid Cymru, or Farage’s ex-Tory lapdogs running our NHS and education. “As the Caerphilly by-election and poll after poll have shown, only a vote for Plaid Cymru can stop Reform on 7 May.” ‘No principles’ Liberal Democrat MP for Brecon, Radnor and Cwm Tawe, David Chadwick said Evans was more interested in protecting his own career than standing up for his constituents.	2026	news	biased	0.9394392371177673	1
https://nation.cymru/news/reform-uk-is-99-per-cent-rubbish-james-evans/	Reform UK is 99 per cent ‘rubbish’ – James Evans	2026-02-06 07:00:55	Emily Price	reform_uk	right	Reform	“As the Caerphilly by-election and poll after poll have shown, only a vote for Plaid Cymru can stop Reform on 7 May.” ‘No principles’ Liberal Democrat MP for Brecon, Radnor and Cwm Tawe, David Chadwick said Evans was more interested in protecting his own career than standing up for his constituents.	“The choice in this election is clear: a party that always stands up for Wales with Plaid Cymru, or Farage’s ex-Tory lapdogs running our NHS and education. “As the Caerphilly by-election and poll after poll have shown, only a vote for Plaid Cymru can stop Reform on 7 May.” ‘No principles’ Liberal Democrat MP for Brecon, Radnor and Cwm Tawe, David Chadwick said Evans was more interested in protecting his own career than standing up for his constituents. He said: “You could fill a library with his past criticisms of Reform and of Conservative defectors.	2026	news	biased	0.8664084076881409	1
https://nation.cymru/news/reform-uk-is-99-per-cent-rubbish-james-evans/	Reform UK is 99 per cent ‘rubbish’ – James Evans	2026-02-06 07:00:55	Emily Price	reform_uk	right	Reform	He has described Reform as a danger to national security because of its links to Russia, and warned they would push Britain towards an insurance-based NHS.	He said: “You could fill a library with his past criticisms of Reform and of Conservative defectors. He has described Reform as a danger to national security because of its links to Russia, and warned they would push Britain towards an insurance-based NHS. “Yet the moment his own seat came under threat, he jumped ship to the very people he once said had no principles.	2026	news	biased	0.9367715120315552	1
https://nation.cymru/news/reform-uk-is-99-per-cent-rubbish-james-evans/	Reform UK is 99 per cent ‘rubbish’ – James Evans	2026-02-06 07:00:55	Emily Price	reform_uk	right	Reform	They’re trying to appeal to everyone left right and centre.” In another rant published online on July 22, he said: “Wales is being treated like a political petri dish for attention seeking soundbites from Nigel Farage and Reform UK.	“And Reform? They’re trying to appeal to everyone left right and centre.” In another rant published online on July 22, he said: “Wales is being treated like a political petri dish for attention seeking soundbites from Nigel Farage and Reform UK. “Big promises then backtracking just like we saw over Port Talbot.	2026	news	biased	0.9778867363929749	1
https://nation.cymru/news/reform-uk-is-99-per-cent-rubbish-james-evans/	Reform UK is 99 per cent ‘rubbish’ – James Evans	2026-02-06 07:00:55	Emily Price	reform_uk	right	Reform	“The people of Wales deserve respect and politicians who give serious answers to serious questions.” ‘Smears’ On August 8 last year, he shared to social media a graphic of Reform UK’s leader with the words “Nigel Farage wants men in womens’ prisons.” Alongside the meme, Evans wrote: “Reform cannot be trusted!” Commenting on Reform’s disgraced former Welsh leader on October 2, Evans said: “‘Desperate and cynical smears’ that’s how Nathan Gill described his conviction.	“Big promises then backtracking just like we saw over Port Talbot. “The people of Wales deserve respect and politicians who give serious answers to serious questions.” ‘Smears’ On August 8 last year, he shared to social media a graphic of Reform UK’s leader with the words “Nigel Farage wants men in womens’ prisons.” Alongside the meme, Evans wrote: “Reform cannot be trusted!” Commenting on Reform’s disgraced former Welsh leader on October 2, Evans said: “‘Desperate and cynical smears’ that’s how Nathan Gill described his conviction. “But let’s be clear, this is a man who pleaded guilty of taking bribes from Vladimir Putin’s Russia.	2026	news	biased	0.6015010476112366	1
https://nation.cymru/news/reform-uk-is-99-per-cent-rubbish-james-evans/	Reform UK is 99 per cent ‘rubbish’ – James Evans	2026-02-06 07:00:55	Emily Price	reform_uk	right	Reform	“Reform have refused to distance themselves from this proving they are a danger to our national security.	“The conviction proved his close links to the Kremlin and Putin’s Russia. “Reform have refused to distance themselves from this proving they are a danger to our national security. “Questions need to be answered as to who knew what and when in Reform UK.” On November 5, 2025, he said: “Reform UK keep proving one thing, they’re not a serious alternative for Wales.	2026	news	biased	0.5535058379173279	1
https://nation.cymru/news/reform-uk-is-99-per-cent-rubbish-james-evans/	Reform UK is 99 per cent ‘rubbish’ – James Evans	2026-02-06 07:00:55	Emily Price	reform_uk	right	Reform	“Questions need to be answered as to who knew what and when in Reform UK.” On November 5, 2025, he said: “Reform UK keep proving one thing, they’re not a serious alternative for Wales.	“Reform have refused to distance themselves from this proving they are a danger to our national security. “Questions need to be answered as to who knew what and when in Reform UK.” On November 5, 2025, he said: “Reform UK keep proving one thing, they’re not a serious alternative for Wales. “Every week we see the same patterns, big promises, no funding behind them, U-turns as soon as they face scrutiny.	2026	news	biased	0.7856241464614868	1
https://nation.cymru/news/dan-thomas-unveiled-as-reform-uks-welsh-leader/	Reform UK unveils Dan Thomas as Welsh leader	2026-02-05 17:25:07	Kyle Bright	plaid_cymru	left	Plaid	“When Labour and Plaid Cymru say that you are not allowed to talk about immigration, when they try to shout you down by calling you a racist, please know that they are wrong and that they are out of touch,” he said.	He described “uncontrolled immigration” as one of the major causes of the housing crisis. “When Labour and Plaid Cymru say that you are not allowed to talk about immigration, when they try to shout you down by calling you a racist, please know that they are wrong and that they are out of touch,” he said. “The people of Wales can see what’s really going on and they will back Reform to nip this problem in the bud.” Mr Thomas also criticised what he described as “weak and woke policing” in London, and what “uncontrolled immigration” had done to the city.	2026	news	biased	0.6678360104560852	1
https://nation.cymru/news/dan-thomas-unveiled-as-reform-uks-welsh-leader/	Reform UK unveils Dan Thomas as Welsh leader	2026-02-05 17:25:07	Kyle Bright	plaid_cymru	left	Plaid	The Welsh Liberal Democrats are offering that ambition, with clear plans to fix childcare, strengthen social care, revive our high streets and protect our NHS.” ‘Farage’s lapdog’ Rhun ap Iorwerth, the leader of Plaid Cymru, described Reform UK’s new Wales leader as Nigel Farage’s “lapdog”.	“Wales needs ambition and serious leadership focused on the things that matter to people’s lives. The Welsh Liberal Democrats are offering that ambition, with clear plans to fix childcare, strengthen social care, revive our high streets and protect our NHS.” ‘Farage’s lapdog’ Rhun ap Iorwerth, the leader of Plaid Cymru, described Reform UK’s new Wales leader as Nigel Farage’s “lapdog”. He said: “Two more ex-Tories defecting to Reform UK should come as no surprise to the people of Wales.	2026	news	biased	0.551758348941803	1
https://nation.cymru/news/dan-thomas-unveiled-as-reform-uks-welsh-leader/	Reform UK unveils Dan Thomas as Welsh leader	2026-02-05 17:25:07	Kyle Bright	plaid_cymru	left	Plaid	“As was proven in the Caerphilly by-election and supported by opinion poll after opinion poll, only Plaid Cymru can stop Reform in the election on 7 May.	The so-called leader’s sole responsibility will be to get Nigel Farage into No 10 Downing Street, because for Reform, Wales is nothing but a stepping stone. “As was proven in the Caerphilly by-election and supported by opinion poll after opinion poll, only Plaid Cymru can stop Reform in the election on 7 May. “Therefore, the people of Wales face a clear choice: a party that always stands up for Wales with Plaid Cymru, or Farage’s lapdog running our NHS and schools.”	2026	news	biased	0.983679473400116	1
https://nation.cymru/news/dan-thomas-unveiled-as-reform-uks-welsh-leader/	Reform UK unveils Dan Thomas as Welsh leader	2026-02-05 17:25:07	Kyle Bright	plaid_cymru	left	Plaid	“Therefore, the people of Wales face a clear choice: a party that always stands up for Wales with Plaid Cymru, or Farage’s lapdog running our NHS and schools.”	“As was proven in the Caerphilly by-election and supported by opinion poll after opinion poll, only Plaid Cymru can stop Reform in the election on 7 May. “Therefore, the people of Wales face a clear choice: a party that always stands up for Wales with Plaid Cymru, or Farage’s lapdog running our NHS and schools.”	2026	news	biased	0.634006917476654	1
https://nation.cymru/news/dan-thomas-unveiled-as-reform-uks-welsh-leader/	Reform UK unveils Dan Thomas as Welsh leader	2026-02-05 17:25:07	Kyle Bright	reform_uk	right	Reform	“The people of Wales can see what’s really going on and they will back Reform to nip this problem in the bud.” Mr Thomas also criticised what he described as “weak and woke policing” in London, and what “uncontrolled immigration” had done to the city.	“When Labour and Plaid Cymru say that you are not allowed to talk about immigration, when they try to shout you down by calling you a racist, please know that they are wrong and that they are out of touch,” he said. “The people of Wales can see what’s really going on and they will back Reform to nip this problem in the bud.” Mr Thomas also criticised what he described as “weak and woke policing” in London, and what “uncontrolled immigration” had done to the city. Party leader Nigel Farage said he picked Dan Thomas to lead his party in Wales because he is “decent” and “respectable”, as well as being “battle hardened”, having experience in council leadership and running budgets.	2026	news	biased	0.5232648849487305	1
https://nation.cymru/news/dan-thomas-unveiled-as-reform-uks-welsh-leader/	Reform UK unveils Dan Thomas as Welsh leader	2026-02-05 17:25:07	Kyle Bright	reform_uk	right	Reform	A spokesperson said: “Nigel Farage says there are no Tories in Wales – that’s because they’ve all jumped ship to Reform UK to save their own skins, with James Evans MS being the latest.	‘Led by Tories’ Welsh Labour said the unveiling of two former Conservative politicians at the Reform UK conference in Newport showed the party was “led by Tories”. A spokesperson said: “Nigel Farage says there are no Tories in Wales – that’s because they’ve all jumped ship to Reform UK to save their own skins, with James Evans MS being the latest. “And now we’ve got a man who was a London councillor until two months ago telling Wales what it needs.	2026	news	biased	0.8661617040634155	1
https://nation.cymru/news/dan-thomas-unveiled-as-reform-uks-welsh-leader/	Reform UK unveils Dan Thomas as Welsh leader	2026-02-05 17:25:07	Kyle Bright	reform_uk	right	Reform	“Ultimately it doesn’t matter who is named as Reform’s leader in Wales.	“And now we’ve got a man who was a London councillor until two months ago telling Wales what it needs. “Ultimately it doesn’t matter who is named as Reform’s leader in Wales. They will just be Nigel Farage’s puppet, doing his bidding from Westminster and silencing the voices of the people of Wales.	2026	news	biased	0.9880051016807556	1
https://nation.cymru/news/dan-thomas-unveiled-as-reform-uks-welsh-leader/	Reform UK unveils Dan Thomas as Welsh leader	2026-02-05 17:25:07	Kyle Bright	reform_uk	right	Farage	They will just be Nigel Farage’s puppet, doing his bidding from Westminster and silencing the voices of the people of Wales.	“Ultimately it doesn’t matter who is named as Reform’s leader in Wales. They will just be Nigel Farage’s puppet, doing his bidding from Westminster and silencing the voices of the people of Wales. “You can’t trust their leader.	2026	news	biased	0.98711758852005	1
https://nation.cymru/news/dan-thomas-unveiled-as-reform-uks-welsh-leader/	Reform UK unveils Dan Thomas as Welsh leader	2026-02-05 17:25:07	Kyle Bright	reform_uk	right	Reform	Reform UK’s leader in Wales is another former Tory.	You can’t trust their words. Reform UK’s leader in Wales is another former Tory. Reform Wales: led by Tories.” Leader of the Welsh Liberal Democrats, Jane Dodds, said: “Even Nigel Farage thinks that Reform candidates in Wales aren’t up to the job – that’s why he’s appointed a councillor from London as leader.	2026	news	biased	0.8938000202178955	1
https://nation.cymru/news/dan-thomas-unveiled-as-reform-uks-welsh-leader/	Reform UK unveils Dan Thomas as Welsh leader	2026-02-05 17:25:07	Kyle Bright	reform_uk	right	Dan Thomas	“Dan Thomas built his political career as a Conservative council leader in England.	Reform Wales: led by Tories.” Leader of the Welsh Liberal Democrats, Jane Dodds, said: “Even Nigel Farage thinks that Reform candidates in Wales aren’t up to the job – that’s why he’s appointed a councillor from London as leader. “Dan Thomas built his political career as a Conservative council leader in England. The same people who trashed our economy and hollowed out public services should not be trusted to reinvent themselves and lecture Wales about change.	2026	news	biased	0.9306148886680603	1
https://nation.cymru/news/dan-thomas-unveiled-as-reform-uks-welsh-leader/	Reform UK unveils Dan Thomas as Welsh leader	2026-02-05 17:25:07	Kyle Bright	reform_uk	right	Reform	The Welsh Liberal Democrats are offering that ambition, with clear plans to fix childcare, strengthen social care, revive our high streets and protect our NHS.” ‘Farage’s lapdog’ Rhun ap Iorwerth, the leader of Plaid Cymru, described Reform UK’s new Wales leader as Nigel Farage’s “lapdog”.	“Wales needs ambition and serious leadership focused on the things that matter to people’s lives. The Welsh Liberal Democrats are offering that ambition, with clear plans to fix childcare, strengthen social care, revive our high streets and protect our NHS.” ‘Farage’s lapdog’ Rhun ap Iorwerth, the leader of Plaid Cymru, described Reform UK’s new Wales leader as Nigel Farage’s “lapdog”. He said: “Two more ex-Tories defecting to Reform UK should come as no surprise to the people of Wales.	2026	news	biased	0.551758348941803	1
https://nation.cymru/news/dan-thomas-unveiled-as-reform-uks-welsh-leader/	Reform UK unveils Dan Thomas as Welsh leader	2026-02-05 17:25:07	Kyle Bright	reform_uk	right	Reform	He said: “Two more ex-Tories defecting to Reform UK should come as no surprise to the people of Wales.	The Welsh Liberal Democrats are offering that ambition, with clear plans to fix childcare, strengthen social care, revive our high streets and protect our NHS.” ‘Farage’s lapdog’ Rhun ap Iorwerth, the leader of Plaid Cymru, described Reform UK’s new Wales leader as Nigel Farage’s “lapdog”. He said: “Two more ex-Tories defecting to Reform UK should come as no surprise to the people of Wales. “Now, there is no doubt that Reform UK are simply recycled, washed-out Tories looking for a new political home now the Conservatives are dead in the water.” He added: “It doesn’t matter who Farage has selected to represent him.	2026	news	biased	0.9474591612815857	1
https://nation.cymru/news/dan-thomas-unveiled-as-reform-uks-welsh-leader/	Reform UK unveils Dan Thomas as Welsh leader	2026-02-05 17:25:07	Kyle Bright	reform_uk	right	Reform	“Now, there is no doubt that Reform UK are simply recycled, washed-out Tories looking for a new political home now the Conservatives are dead in the water.” He added: “It doesn’t matter who Farage has selected to represent him.	He said: “Two more ex-Tories defecting to Reform UK should come as no surprise to the people of Wales. “Now, there is no doubt that Reform UK are simply recycled, washed-out Tories looking for a new political home now the Conservatives are dead in the water.” He added: “It doesn’t matter who Farage has selected to represent him. The so-called leader’s sole responsibility will be to get Nigel Farage into No 10 Downing Street, because for Reform, Wales is nothing but a stepping stone.	2026	news	biased	0.9845196008682251	1
https://nation.cymru/news/dan-thomas-unveiled-as-reform-uks-welsh-leader/	Reform UK unveils Dan Thomas as Welsh leader	2026-02-05 17:25:07	Kyle Bright	reform_uk	right	Reform	The so-called leader’s sole responsibility will be to get Nigel Farage into No 10 Downing Street, because for Reform, Wales is nothing but a stepping stone.	“Now, there is no doubt that Reform UK are simply recycled, washed-out Tories looking for a new political home now the Conservatives are dead in the water.” He added: “It doesn’t matter who Farage has selected to represent him. The so-called leader’s sole responsibility will be to get Nigel Farage into No 10 Downing Street, because for Reform, Wales is nothing but a stepping stone. “As was proven in the Caerphilly by-election and supported by opinion poll after opinion poll, only Plaid Cymru can stop Reform in the election on 7 May.	2026	news	biased	0.9891675710678101	1
https://nation.cymru/news/dan-thomas-unveiled-as-reform-uks-welsh-leader/	Reform UK unveils Dan Thomas as Welsh leader	2026-02-05 17:25:07	Kyle Bright	reform_uk	right	Reform	“As was proven in the Caerphilly by-election and supported by opinion poll after opinion poll, only Plaid Cymru can stop Reform in the election on 7 May.	The so-called leader’s sole responsibility will be to get Nigel Farage into No 10 Downing Street, because for Reform, Wales is nothing but a stepping stone. “As was proven in the Caerphilly by-election and supported by opinion poll after opinion poll, only Plaid Cymru can stop Reform in the election on 7 May. “Therefore, the people of Wales face a clear choice: a party that always stands up for Wales with Plaid Cymru, or Farage’s lapdog running our NHS and schools.”	2026	news	biased	0.983679473400116	1
https://nation.cymru/news/dan-thomas-unveiled-as-reform-uks-welsh-leader/	Reform UK unveils Dan Thomas as Welsh leader	2026-02-05 17:25:07	Kyle Bright	reform_uk	right	Farage	“Therefore, the people of Wales face a clear choice: a party that always stands up for Wales with Plaid Cymru, or Farage’s lapdog running our NHS and schools.”	“As was proven in the Caerphilly by-election and supported by opinion poll after opinion poll, only Plaid Cymru can stop Reform in the election on 7 May. “Therefore, the people of Wales face a clear choice: a party that always stands up for Wales with Plaid Cymru, or Farage’s lapdog running our NHS and schools.”	2026	news	biased	0.634006917476654	1
https://nation.cymru/news/former-conservative-ms-james-evans-defects-to-reform/	Former Conservative MS James Evans defects to Reform	2026-02-05 16:55:53	Kyle Bright	plaid_cymru	left	Plaid	Reform Wales: led by Tories.” ‘Recycled, washed-out Tories’ Rhun ap Iorwerth, the leader of Plaid Cymru, said the defection of two more ex-Tories should “come as no surprise to the people of Wales”, and described the party’s leader in Wales as “Farage’s lapdog”.	Reform UK’s leader in Wales is another former Tory. Reform Wales: led by Tories.” ‘Recycled, washed-out Tories’ Rhun ap Iorwerth, the leader of Plaid Cymru, said the defection of two more ex-Tories should “come as no surprise to the people of Wales”, and described the party’s leader in Wales as “Farage’s lapdog”. “Now, there is no doubt that Reform UK are simply recycled, washed-out Tories looking for a new political home now the Conservatives are dead in the water.” He added: “It doesn’t matter who Farage has selected to represent him.	2026	news	biased	0.9084757566452026	1
https://nation.cymru/news/former-conservative-ms-james-evans-defects-to-reform/	Former Conservative MS James Evans defects to Reform	2026-02-05 16:55:53	Kyle Bright	plaid_cymru	left	Plaid	“As was proven in the Caerphilly by-election and supported by opinion poll after opinion poll, only Plaid Cymru can stop Reform in the election on 7 May.	The so-called leader’s sole responsibility will be to get Nigel Farage into No 10 Downing Street, because for Reform, Wales is nothing but a stepping stone. “As was proven in the Caerphilly by-election and supported by opinion poll after opinion poll, only Plaid Cymru can stop Reform in the election on 7 May. “Therefore, the people of Wales face a clear choice: a party that always stands up for Wales with Plaid Cymru, or Farage’s lapdog running our NHS and schools.” Welsh Liberal Democrat leader, Jane Dodds MS, called out the hypocrisy of Evans’ defection: “Less than a year ago, James Evans told the country that defecting to Reform without facing the voters was an act without principle.	2026	news	biased	0.9696497917175293	1
https://nation.cymru/news/former-conservative-ms-james-evans-defects-to-reform/	Former Conservative MS James Evans defects to Reform	2026-02-05 16:55:53	Kyle Bright	plaid_cymru	left	Plaid	“Therefore, the people of Wales face a clear choice: a party that always stands up for Wales with Plaid Cymru, or Farage’s lapdog running our NHS and schools.” Welsh Liberal Democrat leader, Jane Dodds MS, called out the hypocrisy of Evans’ defection: “Less than a year ago, James Evans told the country that defecting to Reform without facing the voters was an act without principle.	“As was proven in the Caerphilly by-election and supported by opinion poll after opinion poll, only Plaid Cymru can stop Reform in the election on 7 May. “Therefore, the people of Wales face a clear choice: a party that always stands up for Wales with Plaid Cymru, or Farage’s lapdog running our NHS and schools.” Welsh Liberal Democrat leader, Jane Dodds MS, called out the hypocrisy of Evans’ defection: “Less than a year ago, James Evans told the country that defecting to Reform without facing the voters was an act without principle. Now he has done exactly the same thing himself.	2026	news	biased	0.8213751912117004	1
https://nation.cymru/news/former-conservative-ms-james-evans-defects-to-reform/	Former Conservative MS James Evans defects to Reform	2026-02-05 16:55:53	Kyle Bright	reform_uk	right	Reform	“Instead, I’ll stand firm and work with my Welsh Conservative colleagues to fix Wales for the benefit of everyone.” ‘Led by Tories’ Welsh Labour said the unveiling of two former Conservative politicians at the Reform UK conference in Newport showed the party was “led by Tories”.	“I promise my constituents that I won’t sacrifice my values for political opportunity. “Instead, I’ll stand firm and work with my Welsh Conservative colleagues to fix Wales for the benefit of everyone.” ‘Led by Tories’ Welsh Labour said the unveiling of two former Conservative politicians at the Reform UK conference in Newport showed the party was “led by Tories”. A spokesperson said: “Nigel Farage says there are no Tories in Wales – that’s because they’ve all jumped ship to Reform UK to save their own skins, with James Evans MS being the latest.	2026	news	biased	0.76197749376297	1
https://nation.cymru/news/former-conservative-ms-james-evans-defects-to-reform/	Former Conservative MS James Evans defects to Reform	2026-02-05 16:55:53	Kyle Bright	reform_uk	right	Reform	A spokesperson said: “Nigel Farage says there are no Tories in Wales – that’s because they’ve all jumped ship to Reform UK to save their own skins, with James Evans MS being the latest.	“Instead, I’ll stand firm and work with my Welsh Conservative colleagues to fix Wales for the benefit of everyone.” ‘Led by Tories’ Welsh Labour said the unveiling of two former Conservative politicians at the Reform UK conference in Newport showed the party was “led by Tories”. A spokesperson said: “Nigel Farage says there are no Tories in Wales – that’s because they’ve all jumped ship to Reform UK to save their own skins, with James Evans MS being the latest. On the announcement of Reform’s leader in Wales, they added: “And now we’ve got a man who was a London councillor until two months ago telling Wales what it needs.	2026	news	biased	0.7428081035614014	1
https://nation.cymru/news/former-conservative-ms-james-evans-defects-to-reform/	Former Conservative MS James Evans defects to Reform	2026-02-05 16:55:53	Kyle Bright	reform_uk	right	Reform	On the announcement of Reform’s leader in Wales, they added: “And now we’ve got a man who was a London councillor until two months ago telling Wales what it needs.	A spokesperson said: “Nigel Farage says there are no Tories in Wales – that’s because they’ve all jumped ship to Reform UK to save their own skins, with James Evans MS being the latest. On the announcement of Reform’s leader in Wales, they added: “And now we’ve got a man who was a London councillor until two months ago telling Wales what it needs. “Ultimately it doesn’t matter who is named as Reform’s leader in Wales.	2026	news	biased	0.9233100414276123	1
https://nation.cymru/news/former-conservative-ms-james-evans-defects-to-reform/	Former Conservative MS James Evans defects to Reform	2026-02-05 16:55:53	Kyle Bright	reform_uk	right	Reform	“Ultimately it doesn’t matter who is named as Reform’s leader in Wales.	On the announcement of Reform’s leader in Wales, they added: “And now we’ve got a man who was a London councillor until two months ago telling Wales what it needs. “Ultimately it doesn’t matter who is named as Reform’s leader in Wales. They will just be Nigel Farage’s puppet, doing his bidding from Westminster and silencing the voices of the people of Wales.	2026	news	biased	0.9525200724601746	1
https://nation.cymru/news/former-conservative-ms-james-evans-defects-to-reform/	Former Conservative MS James Evans defects to Reform	2026-02-05 16:55:53	Kyle Bright	reform_uk	right	Farage	They will just be Nigel Farage’s puppet, doing his bidding from Westminster and silencing the voices of the people of Wales.	“Ultimately it doesn’t matter who is named as Reform’s leader in Wales. They will just be Nigel Farage’s puppet, doing his bidding from Westminster and silencing the voices of the people of Wales. “You can’t trust their leader.	2026	news	biased	0.98711758852005	1
https://nation.cymru/news/former-conservative-ms-james-evans-defects-to-reform/	Former Conservative MS James Evans defects to Reform	2026-02-05 16:55:53	Kyle Bright	reform_uk	right	Reform	Reform UK’s leader in Wales is another former Tory.	You can’t trust their words. Reform UK’s leader in Wales is another former Tory. Reform Wales: led by Tories.” ‘Recycled, washed-out Tories’ Rhun ap Iorwerth, the leader of Plaid Cymru, said the defection of two more ex-Tories should “come as no surprise to the people of Wales”, and described the party’s leader in Wales as “Farage’s lapdog”.	2026	news	biased	0.9519863724708557	1
https://nation.cymru/news/former-conservative-ms-james-evans-defects-to-reform/	Former Conservative MS James Evans defects to Reform	2026-02-05 16:55:53	Kyle Bright	reform_uk	right	Reform	Reform Wales: led by Tories.” ‘Recycled, washed-out Tories’ Rhun ap Iorwerth, the leader of Plaid Cymru, said the defection of two more ex-Tories should “come as no surprise to the people of Wales”, and described the party’s leader in Wales as “Farage’s lapdog”.	Reform UK’s leader in Wales is another former Tory. Reform Wales: led by Tories.” ‘Recycled, washed-out Tories’ Rhun ap Iorwerth, the leader of Plaid Cymru, said the defection of two more ex-Tories should “come as no surprise to the people of Wales”, and described the party’s leader in Wales as “Farage’s lapdog”. “Now, there is no doubt that Reform UK are simply recycled, washed-out Tories looking for a new political home now the Conservatives are dead in the water.” He added: “It doesn’t matter who Farage has selected to represent him.	2026	news	biased	0.9084757566452026	1
https://nation.cymru/news/former-conservative-ms-james-evans-defects-to-reform/	Former Conservative MS James Evans defects to Reform	2026-02-05 16:55:53	Kyle Bright	reform_uk	right	Reform	“Now, there is no doubt that Reform UK are simply recycled, washed-out Tories looking for a new political home now the Conservatives are dead in the water.” He added: “It doesn’t matter who Farage has selected to represent him.	Reform Wales: led by Tories.” ‘Recycled, washed-out Tories’ Rhun ap Iorwerth, the leader of Plaid Cymru, said the defection of two more ex-Tories should “come as no surprise to the people of Wales”, and described the party’s leader in Wales as “Farage’s lapdog”. “Now, there is no doubt that Reform UK are simply recycled, washed-out Tories looking for a new political home now the Conservatives are dead in the water.” He added: “It doesn’t matter who Farage has selected to represent him. The so-called leader’s sole responsibility will be to get Nigel Farage into No 10 Downing Street, because for Reform, Wales is nothing but a stepping stone.	2026	news	biased	0.9287518858909607	1
https://nation.cymru/news/former-conservative-ms-james-evans-defects-to-reform/	Former Conservative MS James Evans defects to Reform	2026-02-05 16:55:53	Kyle Bright	reform_uk	right	Reform	The so-called leader’s sole responsibility will be to get Nigel Farage into No 10 Downing Street, because for Reform, Wales is nothing but a stepping stone.	“Now, there is no doubt that Reform UK are simply recycled, washed-out Tories looking for a new political home now the Conservatives are dead in the water.” He added: “It doesn’t matter who Farage has selected to represent him. The so-called leader’s sole responsibility will be to get Nigel Farage into No 10 Downing Street, because for Reform, Wales is nothing but a stepping stone. “As was proven in the Caerphilly by-election and supported by opinion poll after opinion poll, only Plaid Cymru can stop Reform in the election on 7 May.	2026	news	biased	0.9891675710678101	1
https://nation.cymru/news/former-conservative-ms-james-evans-defects-to-reform/	Former Conservative MS James Evans defects to Reform	2026-02-05 16:55:53	Kyle Bright	reform_uk	right	Reform	“As was proven in the Caerphilly by-election and supported by opinion poll after opinion poll, only Plaid Cymru can stop Reform in the election on 7 May.	The so-called leader’s sole responsibility will be to get Nigel Farage into No 10 Downing Street, because for Reform, Wales is nothing but a stepping stone. “As was proven in the Caerphilly by-election and supported by opinion poll after opinion poll, only Plaid Cymru can stop Reform in the election on 7 May. “Therefore, the people of Wales face a clear choice: a party that always stands up for Wales with Plaid Cymru, or Farage’s lapdog running our NHS and schools.” Welsh Liberal Democrat leader, Jane Dodds MS, called out the hypocrisy of Evans’ defection: “Less than a year ago, James Evans told the country that defecting to Reform without facing the voters was an act without principle.	2026	news	biased	0.9696497917175293	1
https://nation.cymru/news/former-conservative-ms-james-evans-defects-to-reform/	Former Conservative MS James Evans defects to Reform	2026-02-05 16:55:53	Kyle Bright	reform_uk	right	Reform	“Therefore, the people of Wales face a clear choice: a party that always stands up for Wales with Plaid Cymru, or Farage’s lapdog running our NHS and schools.” Welsh Liberal Democrat leader, Jane Dodds MS, called out the hypocrisy of Evans’ defection: “Less than a year ago, James Evans told the country that defecting to Reform without facing the voters was an act without principle.	“As was proven in the Caerphilly by-election and supported by opinion poll after opinion poll, only Plaid Cymru can stop Reform in the election on 7 May. “Therefore, the people of Wales face a clear choice: a party that always stands up for Wales with Plaid Cymru, or Farage’s lapdog running our NHS and schools.” Welsh Liberal Democrat leader, Jane Dodds MS, called out the hypocrisy of Evans’ defection: “Less than a year ago, James Evans told the country that defecting to Reform without facing the voters was an act without principle. Now he has done exactly the same thing himself.	2026	news	biased	0.8213751912117004	1
https://nation.cymru/news/former-conservative-ms-james-evans-defects-to-reform/	Former Conservative MS James Evans defects to Reform	2026-02-05 16:55:53	Kyle Bright	reform_uk	right	Reform	He should resign his seat and call a by-election, so voters can decide whether they want a Reform politician representing them.”	If he genuinely believes what he said then, there is only one credible course of action now. He should resign his seat and call a by-election, so voters can decide whether they want a Reform politician representing them.”	2026	news	biased	0.612452507019043	1
https://nation.cymru/news/andrew-rt-davies-and-mark-reckless-cite-90-year-old-iconic-incident-in-attack-on-plaid-cymru/	Andrew RT Davies and Mark Reckless cite 90-year-old iconic incident in attack on Plaid Cymru	2026-02-02 20:59:00	Mark Mansfield	plaid_cymru	left	Plaid	Williams and Saunders Lewis Martin Shipton Former Welsh Conservative Senedd leader Andrew RT Davies has joined with Reform UK’s Mark Reckless in a bizarre bid to smear Plaid Cymru over a celebrated incident involving three of the party’s founders 90 years ago.	Lewis Valentine, D.J. Williams and Saunders Lewis Martin Shipton Former Welsh Conservative Senedd leader Andrew RT Davies has joined with Reform UK’s Mark Reckless in a bizarre bid to smear Plaid Cymru over a celebrated incident involving three of the party’s founders 90 years ago. In 1936 Saunders Lewis, Rev Lewis Valentine and DJ Williams set fire to a ‘Bombing School’ in the Llyn peninsula, a Welsh language heartland in what is now Gwynedd.	2026	news	biased	0.9887203574180603	1
https://nation.cymru/news/andrew-rt-davies-and-mark-reckless-cite-90-year-old-iconic-incident-in-attack-on-plaid-cymru/	Andrew RT Davies and Mark Reckless cite 90-year-old iconic incident in attack on Plaid Cymru	2026-02-02 20:59:00	Mark Mansfield	plaid_cymru	left	Plaid	In the main, nationalism attracted the young and they lacked the resources and the qualities expected of community leaders.” Culture-war theatrics A Plaid Cymru spokesperson said: “With so many real challenges facing Wales – from the cost-of-living crisis to struggling public services – the Tories and Reform have decided that their best contribution is to misrepresent events from a chapter in Welsh history for a cheap headline.	But attempts to build upon the enthusiasm were not successful. In the main, nationalism attracted the young and they lacked the resources and the qualities expected of community leaders.” Culture-war theatrics A Plaid Cymru spokesperson said: “With so many real challenges facing Wales – from the cost-of-living crisis to struggling public services – the Tories and Reform have decided that their best contribution is to misrepresent events from a chapter in Welsh history for a cheap headline. “It’s telling that, with so little to say about a positive vision for Wales, Andrew RT Davies and Reform UK have settled on more culture-war theatrics.	2026	news	biased	0.9785143733024597	1
https://nation.cymru/news/andrew-rt-davies-and-mark-reckless-cite-90-year-old-iconic-incident-in-attack-on-plaid-cymru/	Andrew RT Davies and Mark Reckless cite 90-year-old iconic incident in attack on Plaid Cymru	2026-02-02 20:59:00	Mark Mansfield	plaid_cymru	left	Plaid	Meanwhile voters across Wales are increasingly turning to Plaid Cymru for serious, hopeful leadership focused on the future.”	“It’s telling that, with so little to say about a positive vision for Wales, Andrew RT Davies and Reform UK have settled on more culture-war theatrics. Meanwhile voters across Wales are increasingly turning to Plaid Cymru for serious, hopeful leadership focused on the future.”	2026	news	biased	0.9874060750007629	1
https://nation.cymru/news/andrew-rt-davies-and-mark-reckless-cite-90-year-old-iconic-incident-in-attack-on-plaid-cymru/	Andrew RT Davies and Mark Reckless cite 90-year-old iconic incident in attack on Plaid Cymru	2026-02-02 20:59:00	Mark Mansfield	reform_uk	right	Reform	Williams and Saunders Lewis Martin Shipton Former Welsh Conservative Senedd leader Andrew RT Davies has joined with Reform UK’s Mark Reckless in a bizarre bid to smear Plaid Cymru over a celebrated incident involving three of the party’s founders 90 years ago.	Lewis Valentine, D.J. Williams and Saunders Lewis Martin Shipton Former Welsh Conservative Senedd leader Andrew RT Davies has joined with Reform UK’s Mark Reckless in a bizarre bid to smear Plaid Cymru over a celebrated incident involving three of the party’s founders 90 years ago. In 1936 Saunders Lewis, Rev Lewis Valentine and DJ Williams set fire to a ‘Bombing School’ in the Llyn peninsula, a Welsh language heartland in what is now Gwynedd.	2026	news	biased	0.9887203574180603	1
https://nation.cymru/news/andrew-rt-davies-and-mark-reckless-cite-90-year-old-iconic-incident-in-attack-on-plaid-cymru/	Andrew RT Davies and Mark Reckless cite 90-year-old iconic incident in attack on Plaid Cymru	2026-02-02 20:59:00	Mark Mansfield	reform_uk	right	Reform	In the main, nationalism attracted the young and they lacked the resources and the qualities expected of community leaders.” Culture-war theatrics A Plaid Cymru spokesperson said: “With so many real challenges facing Wales – from the cost-of-living crisis to struggling public services – the Tories and Reform have decided that their best contribution is to misrepresent events from a chapter in Welsh history for a cheap headline.	But attempts to build upon the enthusiasm were not successful. In the main, nationalism attracted the young and they lacked the resources and the qualities expected of community leaders.” Culture-war theatrics A Plaid Cymru spokesperson said: “With so many real challenges facing Wales – from the cost-of-living crisis to struggling public services – the Tories and Reform have decided that their best contribution is to misrepresent events from a chapter in Welsh history for a cheap headline. “It’s telling that, with so little to say about a positive vision for Wales, Andrew RT Davies and Reform UK have settled on more culture-war theatrics.	2026	news	biased	0.9785143733024597	1
https://nation.cymru/news/andrew-rt-davies-and-mark-reckless-cite-90-year-old-iconic-incident-in-attack-on-plaid-cymru/	Andrew RT Davies and Mark Reckless cite 90-year-old iconic incident in attack on Plaid Cymru	2026-02-02 20:59:00	Mark Mansfield	reform_uk	right	Reform	“It’s telling that, with so little to say about a positive vision for Wales, Andrew RT Davies and Reform UK have settled on more culture-war theatrics.	In the main, nationalism attracted the young and they lacked the resources and the qualities expected of community leaders.” Culture-war theatrics A Plaid Cymru spokesperson said: “With so many real challenges facing Wales – from the cost-of-living crisis to struggling public services – the Tories and Reform have decided that their best contribution is to misrepresent events from a chapter in Welsh history for a cheap headline. “It’s telling that, with so little to say about a positive vision for Wales, Andrew RT Davies and Reform UK have settled on more culture-war theatrics. Meanwhile voters across Wales are increasingly turning to Plaid Cymru for serious, hopeful leadership focused on the future.”	2026	news	biased	0.9782650470733643	1
https://nation.cymru/news/foul-mouthed-activist-quits-as-welsh-leader-of-far-right-party-that-considers-farage-too-left-wing/	Foul-mouthed activist quits as Welsh leader of far-right party that considers Farage too left wing	2026-01-31 13:30:59	Mark Mansfield	reform_uk	right	Reform	Photo via YouTube Martin Shipton A born again former teenage criminal and failed politician has resigned abruptly as leader in Wales of Advance UK, a party set up by former Reform UK deputy leader Ben Habib, who considers Nigel Farage too soft on immigration.	Richard Taylor. Photo via YouTube Martin Shipton A born again former teenage criminal and failed politician has resigned abruptly as leader in Wales of Advance UK, a party set up by former Reform UK deputy leader Ben Habib, who considers Nigel Farage too soft on immigration. In a video posted to social media with erotic artwork in the background, Richard Taylor said: “Good evening everyone.	2026	news	biased	0.9569939374923706	1
https://nation.cymru/news/businessman-and-councillor-abuses-nation-cymru-when-asked-about-connection-with-crashed-energy-company/	Businessman and councillor abuses Nation.Cymru when asked about connection with crashed energy company	2026-01-28 21:04:06	Mark Mansfield	plaid_cymru	left	Plaid	“I’ve offered support from several industry leaders, including the EEA, insurance companies, and install companies to help customers to Liz Saville Robert’s of Plaid Cymru whom has failed to take up any of the support to date.	“I feel for everyone involved and affected, especially those that have lost their jobs and people left mid install. “I’ve offered support from several industry leaders, including the EEA, insurance companies, and install companies to help customers to Liz Saville Robert’s of Plaid Cymru whom has failed to take up any of the support to date. “Again this is a very pointless story and no idea what it has to do with me when all failings are due to lack of government intervention and lack of support.” Offensive Mr Pritchard also posted an offensive message on Facebook referring to Nation.Cymru and the blogger Jac o’the North, who has published articles about the crash of CES.	2026	news	biased	0.7811813354492188	1
https://nation.cymru/news/tory-ms-accuses-reform-of-eyeing-up-seaside-town-hall/	Tory MS accuses Reform of ‘eyeing up’ seaside town hall	2026-01-28 09:15:36	Stephen Price	reform_uk	right	Reform	Llandudno Town Hall Richard Evans Local Democracy Reporter A Reform council leader has slammed Aberconwy’s MS Janet Finch-Saunders after the Conservative MS took to social media to criticise the party for “eyeing up” a “wonderful” north Wales town hall.	Llandudno Town Hall Richard Evans Local Democracy Reporter A Reform council leader has slammed Aberconwy’s MS Janet Finch-Saunders after the Conservative MS took to social media to criticise the party for “eyeing up” a “wonderful” north Wales town hall. The row follows a dispute between the Conservatives and Reform after Conwy Tory councillor Harry Saville revealed early plans proposed by Reform leader, Cllr Louise Emery, to create a community interest company.	2026	news	biased	0.7265260219573975	1
https://nation.cymru/news/tory-ms-accuses-reform-of-eyeing-up-seaside-town-hall/	Tory MS accuses Reform of ‘eyeing up’ seaside town hall	2026-01-28 09:15:36	Stephen Price	reform_uk	right	Reform	The row follows a dispute between the Conservatives and Reform after Conwy Tory councillor Harry Saville revealed early plans proposed by Reform leader, Cllr Louise Emery, to create a community interest company.	Llandudno Town Hall Richard Evans Local Democracy Reporter A Reform council leader has slammed Aberconwy’s MS Janet Finch-Saunders after the Conservative MS took to social media to criticise the party for “eyeing up” a “wonderful” north Wales town hall. The row follows a dispute between the Conservatives and Reform after Conwy Tory councillor Harry Saville revealed early plans proposed by Reform leader, Cllr Louise Emery, to create a community interest company. Cllr Emery has now accused Ms Finch-Saunders of spending “her time political point scoring on Facebook”, making “cheap shots”, and “online posturing”.	2026	news	biased	0.7106116414070129	1
https://nation.cymru/news/tory-ms-accuses-reform-of-eyeing-up-seaside-town-hall/	Tory MS accuses Reform of ‘eyeing up’ seaside town hall	2026-01-28 09:15:36	Stephen Price	reform_uk	right	Reform	She said: “Very shocked and concerned to learn that allegedly the Reform leader in Conwy County Borough Council, Louise Emery (also a Llandudno Town Councillor) is now eyeing up our wonderful Llandudno Town Hall to be transferred to a Community Interest initiative,” she said.	Our community needs leadership and solutions, not cheap shots and online posturing.” Aberconwy MS Janet Finch-Saunders made the comments on her Facebook page. She said: “Very shocked and concerned to learn that allegedly the Reform leader in Conwy County Borough Council, Louise Emery (also a Llandudno Town Councillor) is now eyeing up our wonderful Llandudno Town Hall to be transferred to a Community Interest initiative,” she said. “To think that this has not yet been discussed in an open and transparent manner, nor has it received any community discussion, is an insult to all our hard-working tax payers.	2026	news	biased	0.7586385011672974	1
https://nation.cymru/news/questions-raised-over-what-policing-reforms-will-mean-for-wales/	Questions raised over what policing reforms will mean for Wales	2026-01-28 07:50:15	Emily Price	plaid_cymru	left	Plaid	“Appeasing Plaid Cymru’s salami-slice strategy toward independence is a mistake being pursued by both Labour and Reform in calling for more devolved powers.	Speaking last week, Tory Senedd leader Darren Millar said: “The First Minister should focus on the people’s priorities, not constitutional naval gazing. “Appeasing Plaid Cymru’s salami-slice strategy toward independence is a mistake being pursued by both Labour and Reform in calling for more devolved powers. “Only the Welsh Conservatives will respect the devolution settlement.	2026	news	biased	0.8948455452919006	1
https://nation.cymru/news/questions-raised-over-what-policing-reforms-will-mean-for-wales/	Questions raised over what policing reforms will mean for Wales	2026-01-28 07:50:15	Emily Price	reform_uk	right	Reform	“Appeasing Plaid Cymru’s salami-slice strategy toward independence is a mistake being pursued by both Labour and Reform in calling for more devolved powers.	Speaking last week, Tory Senedd leader Darren Millar said: “The First Minister should focus on the people’s priorities, not constitutional naval gazing. “Appeasing Plaid Cymru’s salami-slice strategy toward independence is a mistake being pursued by both Labour and Reform in calling for more devolved powers. “Only the Welsh Conservatives will respect the devolution settlement.	2026	news	biased	0.8948455452919006	1
https://nation.cymru/news/rupert-lowe-calls-to-scrap-senedd-expansion/	Rupert Lowe calls to ‘scrap’ Senedd expansion	2026-01-22 17:16:49	Jibreel Meddah	reform_uk	right	Reform	“Abolish it.” At the time, Labour MS Alun Davies blasted Reform saying Welsh democracy is not “the playground of the rich English establishment”.	“It doesn’t serve Wales, England or Britain. “Abolish it.” At the time, Labour MS Alun Davies blasted Reform saying Welsh democracy is not “the playground of the rich English establishment”. He said: “The right wing hate our democracy.	2026	news	biased	0.7671167850494385	1
https://nation.cymru/news/rupert-lowe-calls-to-scrap-senedd-expansion/	Rupert Lowe calls to ‘scrap’ Senedd expansion	2026-01-22 17:16:49	Jibreel Meddah	reform_uk	right	Reform	“It’s not the playground of the rich English establishment which Reform represents.	“Welsh democracy is our democracy. “It’s not the playground of the rich English establishment which Reform represents. “And the power of our democracy is that we will take on their vested interests and defeat them.	2026	news	biased	0.8851672410964966	1
https://nation.cymru/news/reform-ms-says-axed-tory-would-be-a-great-asset-to-the-party/	Reform MS says axed Tory would be a ‘great asset’ to the party	2026-01-21 13:45:10	Mark Mansfield	reform_uk	right	Reform	We know reform does believe in any of that, so if he [James Evans] has had that road to Damascus and changed everything he’s ever thought over the last four years, then Reform are very welcome to him.” Labour figures were equally critical.	“People know when they vote Welsh conservatives at that Senedd election, that they are voting for true authentic conservatives that believe in that low tax agenda that we believe in. We know reform does believe in any of that, so if he [James Evans] has had that road to Damascus and changed everything he’s ever thought over the last four years, then Reform are very welcome to him.” Labour figures were equally critical. Cardiff Council leader Huw Thomas said: “It’s another day, another Tory going to Reform.	2026	news	biased	0.5687677264213562	1
https://nation.cymru/news/reform-ms-says-axed-tory-would-be-a-great-asset-to-the-party/	Reform MS says axed Tory would be a ‘great asset’ to the party	2026-01-21 13:45:10	Mark Mansfield	reform_uk	right	Reform	Cardiff Council leader Huw Thomas said: “It’s another day, another Tory going to Reform.	We know reform does believe in any of that, so if he [James Evans] has had that road to Damascus and changed everything he’s ever thought over the last four years, then Reform are very welcome to him.” Labour figures were equally critical. Cardiff Council leader Huw Thomas said: “It’s another day, another Tory going to Reform. “I think the general public will be looking at this, thinking politicians are all the same to them.	2026	news	biased	0.5187914371490479	1
https://nation.cymru/news/reform-ms-says-axed-tory-would-be-a-great-asset-to-the-party/	Reform MS says axed Tory would be a ‘great asset’ to the party	2026-01-21 13:45:10	Mark Mansfield	reform_uk	right	Reform	“You’ve got a former chancellor from the Tories joining Reform.	They’ll say, ‘Oh, another Tory, responsible for breaking Britain, and now he’s jumping ship because he thinks he can pursue his career in a different direction.’ It just shows, doesn’t it? “You’ve got a former chancellor from the Tories joining Reform. A former justice secretary from the Tories, joining Reform.	2026	news	biased	0.9866020679473877	1
